UID DA TOMADA,CIDADE,MORADA,OPERADOR,TYPE2 7kW Custo €,Duração (minutos) até 7kW,POTÊNCIA DA TOMADA (kW),TARIFA 1,TARIFA 2,TARIFA 3,FORMATO DA TOMADA,ESTADO DA TOMADA
LRA-90006-1,Leiria,Avenida Heróis de Angola,HRZ - Power dot,2.160,583,37,"€0,0037/min ",,,SOCKET,Disponível
LRA-90006-3,Leiria,Avenida Heróis de Angola,HRZ - Power dot,2.160,583,37,"€0,0037/min ",,,SOCKET,Disponível
LRA-90006-4,Leiria,Avenida Heróis de Angola,HRZ - Power dot,2.160,583,37,"€0,0037/min ",,,SOCKET,Disponível
LRA-90006-2,Leiria,Avenida Heróis de Angola,HRZ - Power dot,2.160,583,37,"€0,0037/min ",,,SOCKET,Disponível
LRA-90003-2,Leiria,Rua Olimpio Duarte Alves,EDP - EDP Comercial,2.335,583,37,"€0,004/min ",,,SOCKET,Disponível
LRA-90003-1,Leiria,Rua Olimpio Duarte Alves,EDP - EDP Comercial,2.335,583,37,"€0,004/min ",,,SOCKET,Em uso
LRA-90009-02,Leiria,Rua Luís Silveira Charters Azevedo,EDP - EDP Comercial,2.335,583,37,"€0,004/min ",,,SOCKET,Em uso
LRA-90009-01,Leiria,Rua Luís Silveira Charters Azevedo,EDP - EDP Comercial,2.335,583,37,"€0,004/min ",,,SOCKET,Disponível
LRA-90001-02,Leiria,Rua Francisco Clemente,HRZ - Power dot,2.685,583,37,"€0,0046/min ",,,SOCKET,Disponível
LRA-90001-01,Leiria,Rua Francisco Clemente,HRZ - Power dot,2.685,583,37,"€0,0046/min ",,,SOCKET,Disponível
LRA-90002-1,Leiria,Estrada da Mata,HRZ - Power dot,2.685,583,37,"€0,0046/min ",,,SOCKET,Em uso
LRA-90002-2,Leiria,Estrada da Mata,HRZ - Power dot,2.685,583,37,"€0,0046/min ",,,SOCKET,Disponível
LRA-90005-6,Leiria,Via do Polis Leiria,GLP - Galp,3.444,583,37,"€0,0059/min ",,,SOCKET,Disponível
LRA-90005-5,Leiria,Via do Polis Leiria,GLP - Galp,3.444,583,37,"€0,0059/min ",,,SOCKET,Offline
LRA-90005-1,Leiria,Via do Polis Leiria,GLP - Galp,3.444,583,37,"€0,0059/min ",,,SOCKET,Offline
LRA-90005-4,Leiria,Via do Polis Leiria,GLP - Galp,3.444,583,37,"€0,0059/min ",,,SOCKET,Offline
LRA-90005-3,Leiria,Via do Polis Leiria,GLP - Galp,3.444,583,37,"€0,0059/min ",,,SOCKET,Offline
LRA-90005-2,Leiria,Via do Polis Leiria,GLP - Galp,3.444,583,37,"€0,0059/min ",,,SOCKET,Offline
LRA-90007-2,Leiria,Largo da República,EDP - EDP Comercial,4.086,583,22,"€0,007/min ",,,SOCKET,Disponível
LRA-90007-1,Leiria,Largo da República,EDP - EDP Comercial,4.086,583,22,"€0,007/min ",,,SOCKET,Disponível
LRA-90004-1,Leiria,Avenida 22 de Maio,KLC - Atlante,8.757,583,22,"€0,015/min ",,,SOCKET,Disponível
LRA-90004-2,Leiria,Avenida 22 de Maio,KLC - Atlante,8.757,583,22,"€0,015/min ",,,SOCKET,Em uso
LRA-00015-02,Leiria,Makro Leiria,GLP - Galp,11.353,583,74,"€0,2608/charge ","€0,019/min ",,SOCKET,Disponível
LRA-00015-01,Leiria,Makro Leiria,GLP - Galp,11.353,583,74,"€0,2608/charge ","€0,019/min ",,SOCKET,Disponível
MGR-00006-02,Marinha Grande,R. de Leiria 112,HRZ - Power dot,14.895,583,74,"€0,3/charge ","€0,025/min ",,SOCKET,Disponível
MGR-00006-01,Marinha Grande,R. de Leiria 112,HRZ - Power dot,14.895,583,74,"€0,3/charge ","€0,025/min ",,SOCKET,Disponível
LRA-00027-1,Leiria,Largo Salgueiro Maia,MAK - Maksu,17.514,583,22,"€0,03/min ",,,SOCKET,Disponível
LRA-00040-1,Leiria,Rua da Europa,KLC - Atlante,17.774,583,22,"€0,2609/charge ","€0,03/min ",,SOCKET,Disponível
LRA-00041-1,Leiria,Rua da Europa,KLC - Atlante,17.774,583,22,"€0,2609/charge ","€0,03/min ",,SOCKET,Disponível
LRA-00042-1,Leiria,Rua da Europa,KLC - Atlante,17.774,583,22,"€0,2609/charge ","€0,03/min ",,SOCKET,Disponível
LRA-00043-1,Leiria,Rua da Europa,KLC - Atlante,17.774,583,22,"€0,2609/charge ","€0,03/min ",,SOCKET,Disponível
LRA-00044-1,Leiria,Rua da Europa,KLC - Atlante,17.774,583,22,"€0,2609/charge ","€0,03/min ",,SOCKET,Disponível
LRA-00045-1,Leiria,Rua da Europa,KLC - Atlante,17.774,583,22,"€0,2609/charge ","€0,03/min ",,SOCKET,Disponível
LRA-00017-02,Leiria,Praça Goa Damão e Diu,EDP - EDP Comercial,17.811,583,22,"€0,297/charge ","€0,03/min ",,SOCKET,Disponível
LRA-00017-01,Leiria,Praça Goa Damão e Diu,EDP - EDP Comercial,17.811,583,22,"€0,297/charge ","€0,03/min ",,SOCKET,Disponível
LRA-00081-02,Leiria,"Rua Santo André, Leiria",EDP - EDP Comercial,17.811,583,22,"€0,297/charge ","€0,03/min ",,SOCKET,Disponível
LRA-00081-01,Leiria,"Rua Santo André, Leiria",EDP - EDP Comercial,17.811,583,22,"€0,297/charge ","€0,03/min ",,SOCKET,Disponível
LRA-00082-01,Leiria,"Rua Santo André, Leiria",EDP - EDP Comercial,17.811,583,22,"€0,297/charge ","€0,03/min ",,SOCKET,Disponível
LRA-00082-02,Leiria,"Rua Santo André, Leiria",EDP - EDP Comercial,17.811,583,22,"€0,297/charge ","€0,03/min ",,SOCKET,Disponível
LRA-00083-01,Leiria,"Rua Santo André, Leiria",EDP - EDP Comercial,17.811,583,22,"€0,297/charge ","€0,03/min ",,SOCKET,Disponível
LRA-00083-02,Leiria,"Rua Santo André, Leiria",EDP - EDP Comercial,17.811,583,22,"€0,297/charge ","€0,03/min ",,SOCKET,Disponível
LRA-00084-02,Leiria,"Rua Santo André, Leiria",EDP - EDP Comercial,17.811,583,22,"€0,297/charge ","€0,03/min ",,SOCKET,Disponível
LRA-00084-01,Leiria,"Rua Santo André, Leiria",EDP - EDP Comercial,17.811,583,22,"€0,297/charge ","€0,03/min ",,SOCKET,Disponível
LRA-00085-02,Leiria,"Rua Santo André, Leiria",EDP - EDP Comercial,17.811,583,22,"€0,297/charge ","€0,03/min ",,SOCKET,Disponível
LRA-00085-01,Leiria,"Rua Santo André, Leiria",EDP - EDP Comercial,17.811,583,22,"€0,297/charge ","€0,03/min ",,SOCKET,Disponível
LRA-00022-01,Leiria,Rua do Pisão,HRZ - Power dot,20.732,583,22,"€0,3/charge ","€0,035/min ",,SOCKET,Disponível
LRA-00022-02,Leiria,Rua do Pisão,HRZ - Power dot,20.732,583,22,"€0,3/charge ","€0,035/min ",,SOCKET,Disponível
LRA-00023-02,Leiria,Rua do Pisão,HRZ - Power dot,20.732,583,22,"€0,3/charge ","€0,035/min ",,SOCKET,Disponível
LRA-00023-01,Leiria,Rua do Pisão,HRZ - Power dot,20.732,583,22,"€0,3/charge ","€0,035/min ",,SOCKET,Disponível
LRA-00024-02,Leiria,Rua da Cooperativa,HRZ - Power dot,20.732,583,22,"€0,3/charge ","€0,035/min ",,SOCKET,Disponível
LRA-00024-01,Leiria,Rua da Cooperativa,HRZ - Power dot,20.732,583,22,"€0,3/charge ","€0,035/min ",,SOCKET,Disponível
LRA-00048-01,Leiria,Largo Infantaria 7,HRZ - Power dot,20.732,583,22,"€0,3/charge ","€0,035/min ",,SOCKET,Disponível
LRA-00048-02,Leiria,Largo Infantaria 7,HRZ - Power dot,20.732,583,22,"€0,3/charge ","€0,035/min ",,SOCKET,Disponível
LRA-00049-01,Leiria,Largo Infantaria 7,HRZ - Power dot,20.732,583,22,"€0,3/charge ","€0,035/min ",,SOCKET,Disponível
LRA-00049-02,Leiria,Largo Infantaria 7,HRZ - Power dot,20.732,583,22,"€0,3/charge ","€0,035/min ",,SOCKET,Disponível
LRA-00021-03,Leiria,Rua Vale de Lobos,KLC - Atlante,46.703,583,43,"€0,08/min ",,,CABLE,Disponível
LRA-00060-01,Leiria,Avenida 25 de Abril – Bairro de São Francisco,KLC - Atlante,46.703,583,22,"€0,08/min ",,,CABLE,Disponível
LRA-00061-02,Leiria,Rua da Serrada Nova,HRZ - Power dot,52.403,583,22,"€0,3/charge ","€0,09/kWh ","€0,08/min ",SOCKET,Disponível
LRA-00018-03,Leiria,Rua dos Parceiros,IBD - Iberdrola,58.638,583,43,"€0,26/charge ","€0,1/min ",,SOCKET,Disponível
MGR-00007-03,Marinha Grande,R. Jornal da M.nha Grande 3,KLC - Atlante,58.675,583,22,"€0,2964/charge ","€0,1/min ",,CABLE,Disponível
LRA-00014-3,Leiria,Rua da Maceira,EDP - EDP Comercial,58.675,583,43,"€0,297/charge ","€0,1/min ",,CABLE,Disponível
MGR-00003-03,Marinha Grande,Posto de Abastecimento BP Embra,EDP - EDP Comercial,58.675,583,22,"€0,297/charge ","€0,1/min ",,CABLE,Disponível
LRA-00032-03,Leiria,Travessa Rua das Olhalvas,HRZ - Power dot,58.678,583,43,"€0,3/charge ","€0,1/min ",,CABLE,Disponível
LRA-00071-03,Leiria,Rua da Baquelite Carregal,HRZ - Power dot,58.678,583,43,"€0,3/charge ","€0,1/min ",,CABLE,Disponível
LRA-00074-03,Leiria,R. Outeiro do Pomar,HRZ - Power dot,58.678,583,22,"€0,3/charge ","€0,1/min ",,SOCKET,Disponível
LRA-00016-03,Leiria,Avenida da Comunidade Europeia,GLG - Galpgeste,70.315,583,43,"€0,2608/charge ","€0,12/min ",,CABLE,Disponível
LRA-00088-03,Leiria,"A1 km 125,7 (Sentido Norte/Sul)",PRP - Propel - Produto do Petróleo,87.828,583,43,"€0,2608/charge ","€0,15/min ",,CABLE,Disponível
LRA-00089-03,Leiria,"A1 km 125,7 (Sentido Sul/Norte)",PRP - Propel - Produto do Petróleo,87.828,583,43,"€0,2608/charge ","€0,15/min ",,CABLE,Disponível
